item_id,grant_title,funder_name,postDate
16866583,MSC,,2022-04-08T06:28:09
5579674,"K5/2380 Water Research Commission, South Africa",,2020-11-30T11:48:18
5579677,"K5/2380 Water Research Commission, South Africa",,2020-11-30T11:47:19
5579686,"K5/2380 Water Research Commission, South Africa",,2020-11-30T11:47:04
5579722,"K5/2380 Water Research Commission, South Africa",,2020-11-30T11:46:47
5579653,"K5/2380 Water Research Commission, South Africa",,2020-05-28T08:18:49
11854716,South African Water Research Commission (WRC) project K5-2393,,2020-03-09T09:28:40
21399003,State Insurance Regulatory Authority (SIRA),,2022-10-26T05:06:34
20508993,Australian Research Council (DP210100020),,2022-08-18T10:50:25
20631357,SEE MORE MAKE MORE: Secondary Electron Energy Measurement Optimisation for Reliable Manufacturing of Key Materials,Engineering and Physical Sciences Research Council,2022-08-25T13:57:56
20631357,DTP 2020-2021 University of Sheffield,Engineering and Physical Sciences Research Council,2022-08-25T13:57:56
20402094,The Nuffield Foundation: Grant number OSP/43959,,2022-08-01T16:45:26
19803667,EPSRC,,2022-05-25T13:53:56
19803667,Wellcome Trust,,2022-05-25T13:53:56
19803667,British Heart Foundation,,2022-05-25T13:53:56
19803673,EPSRC,,2022-05-25T13:53:41
19803673,Wellcome Trust,,2022-05-25T13:53:41
19803673,British Heart Foundation,,2022-05-25T13:53:41
19803664,EPSRC,,2022-05-25T13:53:25
19803664,Wellcome Trust,,2022-05-25T13:53:25
19803664,British Heart Foundation,,2022-05-25T13:53:25
19803652,EPSRC,,2022-05-25T13:53:06
19803652,Wellcome Trust,,2022-05-25T13:53:06
19803652,British Heart Foundation,,2022-05-25T13:53:06
19803643,EPSRC,,2022-05-25T13:52:56
19803643,Wellcome Trust,,2022-05-25T13:52:56
19803643,British Heart Foundation,,2022-05-25T13:52:56
19803649,EPSRC,,2022-05-25T13:52:40
19803649,Wellcome Trust,,2022-05-25T13:52:40
19803649,British Heart Foundation,,2022-05-25T13:52:40
19803637,EPSRC,,2022-05-25T13:52:22
19803637,Wellcome Trust,,2022-05-25T13:52:22
19803637,British Heart Foundation,,2022-05-25T13:52:22
19803634,EPSRC,,2022-05-25T13:52:03
19803634,Wellcome Trust,,2022-05-25T13:52:03
19803634,British Heart Foundation,,2022-05-25T13:52:03
19803628,EPSRC,,2022-05-25T13:43:19
19803628,Wellcome Trust,,2022-05-25T13:43:19
19803628,British Heart Foundation,,2022-05-25T13:43:19
19803622,EPSRC,,2022-05-25T13:43:00
19803622,Wellcome Trust,,2022-05-25T13:43:00
19803622,British Heart Foundation,,2022-05-25T13:43:00
19803619,EPSRC,,2022-05-25T13:42:45
19803619,Wellcome Trust,,2022-05-25T13:42:45
19803619,British Heart Foundation,,2022-05-25T13:42:45
19803610,EPSRC,,2022-05-25T13:42:18
19803610,Wellcome Trust,,2022-05-25T13:42:18
19803610,British Heart Foundation,,2022-05-25T13:42:18
19794442,Wellcome Trust,,2022-05-21T11:05:30
19794442,EPSRC,,2022-05-21T11:05:30
19794442,British Heart Foundation,,2022-05-21T11:05:30
19794583,Wellcome Trust,,2022-05-21T11:05:18
19794583,EPSRC,,2022-05-21T11:05:18
19794583,British Heart Foundation,,2022-05-21T11:05:18
19794595,Wellcome Trust,,2022-05-21T11:05:08
19794595,EPSRC,,2022-05-21T11:05:08
19794595,British Heart Foundation,,2022-05-21T11:05:08
19794565,Wellcome Trust,,2022-05-21T11:04:58
19794565,EPSRC,,2022-05-21T11:04:58
19794565,British Heart Foundation,,2022-05-21T11:04:58
19794619,Wellcome Trust,,2022-05-21T11:04:46
19794619,EPSRC,,2022-05-21T11:04:46
19794619,British Heart Foundation,,2022-05-21T11:04:46
19794553,Wellcome Trust,,2022-05-21T11:04:36
19794553,EPSRC,,2022-05-21T11:04:36
19794553,British Heart Foundation,,2022-05-21T11:04:36
19794538,Wellcome Trust,,2022-05-21T11:04:25
19794538,EPSRC,,2022-05-21T11:04:25
19794538,British Heart Foundation,,2022-05-21T11:04:25
19165943,UK-Engineering and Physical Sciences Research Council grants (EP/N020715/1 and EP/K001469/1),,2022-04-19T14:34:17
13626386,NIHR School for Public Health Research,,2021-02-08T15:35:08
13708636,EPSRC DTA-funded studentships,,2021-02-04T23:31:20
13708636,SpinEngine (Horizon 2020 Grant No. 861618),,2021-02-04T23:31:20
13708636,STFC beamtime (DOI: 10.5286/ISIS.E.RB1810656),,2021-02-04T23:31:20
13708636,Diamond Light Source beamtime (beamline I06),,2021-02-04T23:31:20
13708636,EPSRC EP/S009647/1,,2021-02-04T23:31:20
13298195,The university of Sheffield,,2020-12-02T15:46:20
11370216,"This project was partly funded by the EPSRC Frontier Engineering Awards, Grant Reference No. EP/K03877X/1.",,2020-06-17T09:29:20
11907795,The LEGO Foundation,,2020-04-29T07:46:08
9578969,EP/K03877X/,,2019-09-15T17:16:12
9592082,"This research has received funding from the EPSRC Frontier Engineering Awards, MultiSim Project, Grant Reference No. EP/K03877X/1",,2019-09-15T17:16:03
5065552,AHRC AH/L009978/1,,2017-08-18T15:44:11
4203153,"MultiSim, an EPSRC Frontier Engineering Award, Grant Reference No. EP/K03877X/1",,2016-11-04T09:58:30
2056716,"“Accelerating in silico cancer research with graphic processors” of the Engineering and Physical Science Research Council, EPSRC grant code R/141365-11-1",,2016-02-10T13:09:05
19714408,"This research was funded by the ARS-USDA, research plan 501-2022-050 017.",,2022-05-06T14:52:12
16798171,NIH R01DK083402-10 (PI: Zavros),,2021-10-29T18:52:18
16798171,"NIH (NIAID) 5U19AI11649105 (PIs: Weiss and Wells, Project Leader 1: Zavros)",,2021-10-29T18:52:18
19897735,Repositioning Graphic Heritage,Arts and Humanities Research Council,2022-08-09T11:05:07
12571025,"WEDC, Loughborough University",,2020-08-20T09:16:33
12571040,"WEDC, Loughborough University",,2020-08-20T09:16:27
12571052,"WEDC, Loughborough University",,2020-08-20T09:16:21
12739178,"WEDC, Loughborough University",,2020-08-20T09:07:56
12631649,"WEDC, Loughborough University",,2020-08-20T09:05:38
12631640,"WEDC, Loughborough University",,2020-08-20T09:05:29
12631634,"WEDC, Loughborough University",,2020-08-20T09:05:20
12631619,"WEDC, Loughborough University",,2020-08-20T09:05:13
12631604,"WEDC, Loughborough University",,2020-08-20T09:05:07
12631583,"WEDC, Loughborough University",,2020-08-20T09:05:01
12631577,"WEDC, Loughborough University",,2020-08-20T09:04:52
12631565,"WEDC, Loughborough University",,2020-08-20T09:04:46
12631535,"WEDC, Loughborough University",,2020-08-20T09:04:37
12631523,"WEDC, Loughborough University",,2020-08-20T09:04:30
12631514,"WEDC, Loughborough University",,2020-08-20T09:04:22
12630743,"WEDC, Loughborough University",,2020-08-20T09:04:15
12630737,"WEDC, Loughborough University",,2020-08-20T09:04:05
12630734,"WEDC, Loughborough University",,2020-08-20T09:03:58
12630725,"WEDC, Loughborough University",,2020-08-20T09:03:49
12630707,"WEDC, Loughborough University",,2020-08-20T09:03:42
12630686,"WEDC, Loughborough University",,2020-08-20T09:03:34
12630680,"WEDC, Loughborough University",,2020-08-20T09:03:26
12630623,"WEDC, Loughborough University",,2020-08-20T09:03:19
12630605,"WEDC, Loughborough University",,2020-08-20T09:03:11
12630572,"WEDC, Loughborough University",,2020-08-20T09:03:02
12630518,"WEDC, Loughborough University",,2020-08-20T09:02:35
12630242,"WEDC, Loughborough University",,2020-08-20T09:00:38
12630185,"WEDC, Loughborough University",,2020-08-20T09:00:32
12630173,"WEDC, Loughborough University",,2020-08-20T09:00:24
12630164,"WEDC, Loughborough University",,2020-08-20T09:00:17
12624917,"WEDC, Loughborough University",,2020-08-20T09:00:10
12624911,"WEDC, Loughborough University",,2020-08-20T09:00:02
12624881,"WEDC, Loughborough University",,2020-08-20T08:59:55
12624866,"WEDC, Loughborough University",,2020-08-20T08:59:46
12624857,"WEDC, Loughborough University",,2020-08-20T08:59:39
12624842,"WEDC, Loughborough University",,2020-08-20T08:59:32
12624818,"WEDC, Loughborough University",,2020-08-20T08:59:25
12624809,"WEDC, Loughborough University",,2020-08-20T08:59:18
12624800,"WEDC, Loughborough University",,2020-08-20T08:59:11
12624779,"WEDC, Loughborough University",,2020-08-20T08:59:05
12624770,"WEDC, Loughborough University",,2020-08-20T08:58:58
12624764,"WEDC, Loughborough University",,2020-08-20T08:58:53
12624737,"WEDC, Loughborough University",,2020-08-20T08:58:42
16754821,This exhibit competition is organized by the University of Illinois at Chicago Graduate College and the University Library.,,2021-10-06T22:00:00
16754839,This exhibit competition is organized by the University of Illinois at Chicago Graduate College and the University Library.,,2021-10-06T21:59:43
16754851,This exhibit competition is organized by the University of Illinois at Chicago Graduate College and the University Library.,,2021-10-06T21:59:21
16754860,This exhibit competition is organized by the University of Illinois at Chicago Graduate College and the University Library.,,2021-10-06T21:58:56
16754866,This exhibit competition is organized by the University of Illinois at Chicago Graduate College and the University Library.,,2021-10-06T21:52:59
16754878,This exhibit competition is organized by the University of Illinois at Chicago Graduate College and the University Library.,,2021-10-06T21:52:31
16752328,This exhibit competition is organized by the University of Illinois at Chicago Graduate College and the University Library.,,2021-10-06T16:48:13
16752388,This exhibit competition is organized by the University of Illinois at Chicago Graduate College and the University Library.,,2021-10-06T16:46:37
16752403,This exhibit competition is organized by the University of Illinois at Chicago Graduate College and the University Library.,,2021-10-06T16:45:54
16752418,This exhibit competition is organized by the University of Illinois at Chicago Graduate College and the University Library.,,2021-10-06T16:45:30
16752442,This exhibit competition is organized by the University of Illinois at Chicago Graduate College and the University Library.,,2021-10-06T16:23:23
16752451,This exhibit competition is organized by the University of Illinois at Chicago Graduate College and the University Library.,,2021-10-06T16:22:58
16752484,This exhibit competition is organized by the University of Illinois at Chicago Graduate College and the University Library.,,2021-10-06T16:19:26
16752493,This exhibit competition is organized by the University of Illinois at Chicago Graduate College and the University Library.,,2021-10-06T16:18:47
16752514,This exhibit competition is organized by the University of Illinois at Chicago Graduate College and the University Library.,,2021-10-06T16:16:54
16752523,This exhibit competition is organized by the University of Illinois at Chicago Graduate College and the University Library.,,2021-10-06T16:16:22
16752541,This exhibit competition is organized by the University of Illinois at Chicago Graduate College and the University Library.,,2021-10-06T16:15:42
10750964,University of Illinois at Chicago Graduate College,,2012-01-05T00:00:00
10751027,University of Illinois at Chicago Graduate College,,2012-01-05T00:00:00
10751081,University of Illinois at Chicago Graduate College,,2012-01-05T00:00:00
10751102,University of Illinois at Chicago Graduate College,,2012-01-05T00:00:00
10751138,University of Illinois at Chicago Graduate College,,2012-01-05T00:00:00
10751180,University of Illinois at Chicago Graduate College,,2012-01-05T00:00:00
10751213,University of Illinois at Chicago Graduate College,,2012-01-05T00:00:00
10751423,University of Illinois at Chicago Graduate College,,2012-01-05T00:00:00
10751453,University of Illinois at Chicago Graduate College,,2012-01-05T00:00:00
10751489,University of Illinois at Chicago Graduate College,,2012-01-05T00:00:00
10751555,University of Illinois at Chicago Graduate College,,2012-01-05T00:00:00
10751564,University of Illinois at Chicago Graduate College,,2012-01-05T00:00:00
10751612,University of Illinois at Chicago Graduate College,,2012-01-05T00:00:00
10751630,University of Illinois at Chicago Graduate College,,2012-01-05T00:00:00
10751738,University of Illinois at Chicago Graduate College,,2012-01-05T00:00:00
10751768,University of Illinois at Chicago Graduate College,,2012-01-05T00:00:00
10751870,University of Illinois at Chicago Graduate College,,2012-01-05T00:00:00
10751918,University of Illinois at Chicago Graduate College,,2012-01-05T00:00:00
10751993,University of Illinois at Chicago Graduate College,,2012-01-05T00:00:00
10752044,University of Illinois at Chicago Graduate College,,2012-01-05T00:00:00
10752062,University of Illinois at Chicago Graduate College,,2012-01-05T00:00:00
10752086,University of Illinois at Chicago Graduate College,,2012-01-05T00:00:00
10752122,University of Illinois at Chicago Graduate College,,2012-01-05T00:00:00
10752224,University of Illinois at Chicago Graduate College,,2012-01-05T00:00:00
10752251,University of Illinois at Chicago Graduate College,,2012-01-05T00:00:00
10752281,University of Illinois at Chicago Graduate College,,2012-01-05T00:00:00
10752362,University of Illinois at Chicago Graduate College,,2012-01-05T00:00:00
10752407,University of Illinois at Chicago Graduate College,,2012-01-05T00:00:00
10752464,University of Illinois at Chicago Graduate College,,2012-01-05T00:00:00
10752488,University of Illinois at Chicago Graduate College,,2012-01-05T00:00:00
10752545,University of Illinois at Chicago Graduate College,,2012-01-05T00:00:00
10752617,University of Illinois at Chicago Graduate College,,2012-01-05T00:00:00
13336829,National Research Foundation,,2022-07-08T12:10:21
13336829,South African College of Music,,2022-07-08T12:10:21
13336829,University of Cape Town,,2022-07-08T12:10:21
13336817,National Research Foundation,,2022-07-08T12:09:28
13336817,South African College of Music,,2022-07-08T12:09:28
13336832,National Research Foundation,,2022-07-08T12:08:55
13336832,South African College of Music,,2022-07-08T12:08:55
13336832,University of Cape Town,,2022-07-08T12:08:55
13336820,National Research Foundation,,2022-07-08T12:08:12
13336820,South African College of Music,,2022-07-08T12:08:12
13336820,University of Cape Town,,2022-07-08T12:08:12
13336823,National Research Foundation,,2022-07-08T12:00:59
13336823,South African College of Music,,2022-07-08T12:00:59
13336823,University of Cape Town,,2022-07-08T12:00:59
13336835,National Research Foundation,,2022-07-08T11:59:30
13336835,South African College of Music,,2022-07-08T11:59:30
13336835,University of Cape Town,,2022-07-08T11:59:30
19990424,National Research Foundation,,2022-07-08T11:58:25
19990424,South African College of Music,,2022-07-08T11:58:25
19990424,University of Cape Town,,2022-07-08T11:58:25
14381477,National Research Foundation,,2022-07-08T11:57:28
14381477,South African College of Music,,2022-07-08T11:57:28
14381477,University of Cape Town,,2022-07-08T11:57:28
13336826,National Research Foundation,,2022-07-08T11:52:21
13336826,South African College of Music,,2022-07-08T11:52:21
13336826,University of Cape Town,,2022-07-08T11:52:21
17008504,A.P. Leventis Foundation,,2021-12-01T12:50:28
13325285,"This work is based on research supported in part by the National Research Foundation of South Africa (NRF)’s Unique Grant 84414, and by the School of the Arts: Visual Arts, the Faculty of Humanities and the Research Office at the University of Pretoria. Any opinion, finding and conclusion or recommendation expressed in this material is that of the author, and the NRF does not accept any liability in this regard.",,2021-09-09T13:42:16
14139815,Andrew W. Mellon Foundation,,2021-05-03T13:39:02
14139815,National Research Foundation,,2021-05-03T13:39:02
14139815,Re-Centring AfroAsia Project,,2021-05-03T13:39:02
14139830,Andrew W. Mellon Foundation,,2021-05-03T13:38:40
14139830,National Research Foundation,,2021-05-03T13:38:40
14139830,Re-Centring AfroAsia Project,,2021-05-03T13:38:40
14139851,Andrew W. Mellon Foundation,,2021-05-03T13:37:56
14139851,National Research Foundation,,2021-05-03T13:37:56
14139851,Re-Centring AfroAsia Project,,2021-05-03T13:37:56
14139854,Andrew W. Mellon Foundation,,2021-05-03T13:37:37
14139854,National Research Council,,2021-05-03T13:37:37
14139854,Re-Centring AfroAsia Project,,2021-05-03T13:37:37
14139857,Andrew W. Mellon Foundation,,2021-05-03T13:36:52
14139857,National Research Foundation,,2021-05-03T13:36:52
14139857,Re-Centring AfroAsia Project,,2021-05-03T13:36:52
14139869,Andrew W. Mellon Foundation,,2021-05-03T13:36:33
14139869,National Research Foundation,,2021-05-03T13:36:33
14139869,Re-Centring AfroAsia Project,,2021-05-03T13:36:33
14139872,Andrew W. Mellon Foundation,,2021-05-03T13:36:22
14139872,National Research Foundation,,2021-05-03T13:36:22
14139872,Re-Centring AfroAsia Project,,2021-05-03T13:36:22
14139878,Andrew W. Mellon Foundation,,2021-05-03T13:36:10
14139878,National Research Foundation,,2021-05-03T13:36:10
14139878,Re-Centring AfroAsia Project,,2021-05-03T13:36:10
14140721,Andrew. W Mellon Foundation,,2021-05-03T13:34:45
14140721,National Research Foundation,,2021-05-03T13:34:45
14140721,Re-Centring AfroAsia project,,2021-05-03T13:34:45
14140730,Andrew W. Mellon Foundation,,2021-05-03T13:34:33
14140730,National Research Foundation,,2021-05-03T13:34:33
14140730,Re-Centring AfroAsia Project,,2021-05-03T13:34:33
14140733,Andrew W. Mellon Foundation,,2021-05-03T13:34:18
14140733,National Research Foundation,,2021-05-03T13:34:18
14140733,Re-Centring AfroAsia project,,2021-05-03T13:34:18
14140763,Andrew W. Mellon Foundation,,2021-05-03T13:33:39
14140763,National Research Foundation,,2021-05-03T13:33:39
14140763,Re-Centring AfroAsia Project,,2021-05-03T13:33:39
14139890,Andrew W. Mellon Foundation,,2021-05-03T13:33:25
14139890,National Research Foundation,,2021-05-03T13:33:25
14139890,Re-Centring AfroAsia Project,,2021-05-03T13:33:25
14139782,Andrew W. Mellon Foundation,,2021-05-03T13:28:57
14139782,National Research Foundation,,2021-05-03T13:28:57
14139782,Re-Centring AfroAsia Project,,2021-05-03T13:28:57
14139845,Andrew W. Mellon Foundation,,2021-05-03T13:28:43
14139845,National Research Foundation,,2021-05-03T13:28:43
14139845,Re-Centring AfroAsia Project,,2021-05-03T13:28:43
14339036,National Research Foundation SARChI Bioprocess Engineering UID64778,,2021-03-30T10:11:24
14339012,National Research Foundation SARChI Bioprocess Engineering UID64778,,2021-03-30T10:11:07
14338940,National Research Foundation SARChI Bioprocess Engineering UID64778,,2021-03-30T10:10:53
14338901,National Research Foundation SARChI Bioprocess Engineering UID64778,,2021-03-30T10:10:32
14267969,National Research Foundation SARChI Bioprocess Engineering UID64778,,2021-03-30T10:10:12
7976597,"NRF SANAP 112632, 93089, 104839, 105858",,2021-02-19T08:25:32
7976597,"Department of Science and Technology, Republic of South Africa (DST)",,2021-02-19T08:25:32
7976597,Department of the Environment | Australian Antarctic Division (AAD),,2021-02-19T08:25:32
7976597,Svenska Forskningsrådet Formas (Swedish Research Council Formas),,2021-02-19T08:25:32
7976597,NYUAD Center for global Sea Level Change. Grant Number: G1204,,2021-02-19T08:25:32
7976597,Swedish Foundation for International Cooperation in Research and Higher Education. Grant Number: SA2017‐7063,,2021-02-19T08:25:32
7976597,Swedish Research Council. Grant Number: 2016‐03724,,2021-02-19T08:25:32
7976597,Australian Antarctic Science Program. Grant Number: 4434,,2021-02-19T08:25:32
7976597,ACE Foundation and Ferring Pharmaceuticals,,2021-02-19T08:25:32
7976597,South African National Antarctic Program,,2021-02-19T08:25:32
7976597,"National Research Foundation. Grant Numbers: 112632, 93089, 104839, 105858",,2021-02-19T08:25:32
7976597,South African Department of Science and Technology,,2021-02-19T08:25:32
21391443,Australia Research Council Discovery Project 'Staging Australian Women's Lives' (DP200102876),,2022-10-25T01:39:42
21391440,Australia Research Council Discovery Project 'Staging Australian Women's Lives' (DP200102876),,2022-10-25T01:17:36
21391431,Australia Research Council Discovery Project 'Staging Australian Women's Lives' (DP200102876),,2022-10-25T01:15:51
21391425,Australia Research Council Discovery Project 'Staging Australian Women's Lives' (DP200102876),,2022-10-25T01:11:08
21391422,Australia Research Council Discovery Project 'Staging Australian Women's Lives' (DP200102876),,2022-10-25T01:08:06
21391413,Australia Research Council Discovery Project 'Staging Australian Women's Lives' (DP200102876),,2022-10-25T01:05:22
21391410,Australia Research Council Discovery Project 'Staging Australian Women's Lives' (DP200102876),,2022-10-25T01:02:32
21391386,Australia Research Council Discovery Project 'Staging Australian Women's Lives' (DP200102876),,2022-10-25T00:54:29
21386094,Australia Research Council Discovery Project 'Staging Australian Women's Lives' (DP200102876),,2022-10-25T00:51:03
21391392,Australia Research Council Discovery Project 'Staging Australian Women's Lives' (DP200102876),,2022-10-25T00:45:22
21391371,Australia Research Council Discovery Project 'Staging Australian Women's Lives' (DP200102876),,2022-10-25T00:37:48
20723326,Australian Research Council,,2022-08-30T01:56:39
20723326,PhD Scholarship Monash University,,2022-08-30T01:56:39
20499519,Australian Research Council,,2022-08-17T00:32:43
19251854,SEE MORE MAKE MORE: Secondary Electron Energy Measurement Optimisation for Reliable Manufacturing of Key Materials,Engineering and Physical Sciences Research Council,2022-03-21T20:17:17
19251854,DTP 2020-2021 University of Sheffield,Engineering and Physical Sciences Research Council,2022-03-21T20:17:17
19251854,SPICE: Silk Processing In Controlled Environments,Engineering and Physical Sciences Research Council,2022-03-21T20:17:17
16589621,EPSRC,,2022-03-05T23:49:05
13139276,"AH/L503848/1, WRoCAH AHRC Open Competition Studentship, Arts and Humanities Research Council",,2020-10-25T18:26:42
12311684,AH/R009392/1,,2020-07-31T11:48:19
12302429,AH/R009392/1,,2020-07-31T11:47:48
12341186,AH/R009392/1,,2020-07-31T11:47:32
12420326,EPSRC Doctoral Training National Productivity Scholarship,,2020-06-22T07:06:04
11925552,GCRFNGR2\10079,,2020-03-03T15:59:53
11728722,EU Horizon 2020 Research and Innovation Programme Grant Agreement No.778136,,2020-01-26T16:42:56
7937633,MRC MK/K0157531/1,,2019-04-02T13:09:44
5297509,EPSRC EP/K011669/1,,2017-10-23T09:39:43
5357503,EP/K030574/2,,2017-08-31T09:34:36
4818490,STFC ST/M000826/1,,2017-04-12T12:00:20
3472181,Duchenne Parent Project NL,,2016-07-06T14:58:43
3363466,EPSRC Programme Grant EP/I031022/1 (Natural Speech Technology),,2016-06-02T15:14:05
19555210,Graduate Research Fellowship Program (GRFP),Directorate for Education & Human Resources,2022-04-15T16:42:12
19555210,NASA's HiRISE/MRO project,,2022-04-15T16:42:12
19555210,NASA Mars Data Analysis Program Grants 80NSSC21K0040,,2022-04-15T16:42:12
19555210,NASA Mars Data Analysis Program Grants 80HQTR19T0087,,2022-04-15T16:42:12
19555210,NASA Mars Data Analysis Program Grant 80NSSC20K1066,,2022-04-15T16:42:12
19555210,NASA contract 80NM0018D0004,,2022-04-15T16:42:12
14224247,"P.G. acknowledges the Biomedical Engineering department startup funds. J.M. acknowledges startup funds from the Departments of Neuroscience and Speech, Language & Hearing Sciences and the University of Arizona Core Facilities Pilot Program Grant. J.A. acknowledges the support of the National Heart, Lung, and Blood Institute of the National Institutes of Health 5T32HL007955-19. The use of the micro-CT scanner equipment at the University of Arizona in this associated publication was supported through the National Cancer Institute of the National Institutes of Health under award number P30 CA023074.",,2021-04-06T17:54:26
16685275,Immunity passport service design: a user-centred approach to inform UK's national exit strategy from the lockdown,Arts and Humanities Research Council,2021-09-27T14:56:43
16685233,Immunity passport service design: a user-centred approach to inform UK's national exit strategy from the lockdown,Arts and Humanities Research Council,2021-09-27T14:51:19
16670638,Immunity passport service design: a user-centred approach to inform UK's national exit strategy from the lockdown,Arts and Humanities Research Council,2021-09-24T14:07:47
16670833,Immunity passport service design: a user-centred approach to inform UK's national exit strategy from the lockdown,Arts and Humanities Research Council,2021-09-24T14:02:20
12389780,European Endowment for Democracy,,2020-06-01T09:21:18
12389780,Loughborough University,,2020-06-01T09:21:18
12403442,European Endowment for Democracy,,2020-07-10T10:00:56
12403442,Loughborough University,,2020-07-10T10:00:56
14872632,European Endowment for Democracy,,2021-06-30T13:59:35
13482867,European Endowment for Democracy,,2021-08-10T13:22:09
13482867,Loughborough University,,2021-08-10T13:22:09
12951143,European Endowment for Democracy,,2020-09-17T11:02:01
12951143,Loughborough University,,2020-09-17T11:02:01
13142723,European Endowment for Democracy,,2020-11-02T12:02:05
13142723,Loughborough University,,2020-11-02T12:02:05
12733088,European Endowment for Democracy,,2020-08-04T15:11:09
12733088,Loughborough University,,2020-08-04T15:11:09
12403427,European Endowment for Democracy,,2020-06-08T08:19:23
12403427,Loughborough University,,2020-06-08T08:19:23
12576506,European Endowment for Democracy,,2020-06-30T14:02:37
12576506,Loughborough University,,2020-06-30T14:02:37
12576524,European Endowment for Democracy,,2020-06-30T14:04:41
12576524,Loughborough University,,2020-06-30T14:04:41
12576542,European Endowment for Democracy,,2020-06-30T14:09:38
12576542,Loughborough University,,2020-06-30T14:09:38
12576569,European Endowment for Democracy,,2020-06-30T14:14:11
12576569,Loughborough University,,2020-06-30T14:14:11
12733283,European Endowment for Democracy,,2020-08-04T15:13:34
12733283,Loughborough University,,2020-08-04T15:13:34
12592022,European Endowment for Democracy,,2020-07-02T13:37:11
12592022,Loughborough University,,2020-07-02T13:37:11
12592049,European Endowment for Democracy,,2020-07-02T13:38:09
12592049,Loughborough University,,2020-07-02T13:38:09
12592100,European Endowment for Democracy,,2020-07-02T13:38:58
12592100,Loughborough University,,2020-07-02T13:38:58
12592118,European Endowment for Democracy,,2020-07-02T13:40:04
12592118,Loughborough University,,2020-07-02T13:40:04
12732248,European Endowment for Democracy,,2020-08-04T15:08:53
12732248,Loughborough University,,2020-08-04T15:08:53
12733415,European Endowment for Democracy,,2020-08-04T15:13:59
12733415,Loughborough University,,2020-08-04T15:13:59
12591992,European Endowment for Democracy,,2020-07-02T13:36:17
12591992,Loughborough University,,2020-07-02T13:36:17
12871724,Loughborough University,,2020-09-10T08:02:12
12871724,European Endowment for Democracy,,2020-09-10T08:02:12
12951140,European Endowment for Democracy,,2020-09-17T11:00:55
12951140,Loughborough University,,2020-09-17T11:00:55
12951158,European Endowment for Democracy,,2020-09-17T11:03:02
12951158,Loughborough University,,2020-09-17T11:03:02
13017569,European Endowment for Democracy,,2020-10-09T15:42:31
13017569,Loughborough University,,2020-10-09T15:42:31
13017572,European Endowment for Democracy,,2020-10-09T15:42:00
13017572,Loughborough University,,2020-10-09T15:42:00
13095452,European Endowment for Democracy,,2020-10-23T15:07:24
13095452,Loughborough University,,2020-10-23T15:07:24
12389573,European Endowment for Democracy,,2020-06-01T09:21:04
12389573,Loughborough university,,2020-06-01T09:21:04
13701712,European Endowment for Democracy,,2021-02-08T12:25:59
13701712,Loughborough University,,2021-02-08T12:25:59
14872830,European Endowment for Democracy,,2021-06-30T13:20:21
16752496,This exhibit competition is organized by the University of Illinois at Chicago Graduate College and the University Library.,,2021-10-06T16:18:18
16752502,This exhibit competition is organized by the University of Illinois at Chicago Graduate College and the University Library.,,2021-10-06T16:17:30
13480038,IDHS,,2021-01-21T23:33:13
10764650,This study was supported by the National Institute for Nursing Research (K99/R00NR014369).,,2018-11-20T00:00:00
10959884,"University of Illinois at Chicago, Library",,2007-02-09T00:00:00
21304500,This study was supported by African Mental Health Research Initiative funded by the Welcome Trust through the DELTAS Africa Initiative [DEL-15-01].,,2022-10-17T10:04:15
20239611,Mastercard Foundation Research Allowance Grant,,2022-10-10T08:45:00
14873202,Economic and Social Research Council (UK) (grant reference: ES/P008011/1),,2022-09-25T20:48:25
15090066,Economic and Social Research Council (UK) (grant reference: ES/P008011/1),,2022-09-16T06:35:14
16594760,SARChI Chair in Bioprocess Engineering Research NRF 64778,,2022-09-15T11:31:42
19867798,"British Medical Research Council, Wellcome Trust, Department for International Development, the Economic and Social Research Council, the Global Challenges Research Fund (MR/M014290/1).",,2022-09-15T11:29:30
16438842,Economic and Social Research Council (UK) (grant reference: ES/P008011/1),,2022-09-14T07:21:27
20473056,EDCTP RIA2020EF-2981,,2022-09-01T12:19:30
20473029,EDCTP RIA2020EF-2981,,2022-09-01T12:16:13
17620877,Organization for Women in Science for the Developing World (Doctoral scholarship to RA),,2022-08-08T10:31:22
17620877,European Mathematical Society (Collaborative research visit award to RA),,2022-08-08T10:31:22
17620877,South African Medical Research Council (Grant SIR 328148 to TF),,2022-08-08T10:31:22
17620877,National Research Foundation of South Africa (Grants UID 92531 and CPRR14071676206 to TF),,2022-08-08T10:31:22
20411640,DSI‐NRF Centre of Excellence at the FitzPatrick Institute of African Ornithology,,2022-08-01T14:09:04
20411640,DSI‐NRF Centre of Excellence in Palaeosciences,,2022-08-01T14:09:04
20411640,National Research Foundation,,2022-08-01T14:09:04
20286243,GCRF-Crick African Network,Medical Research Council,2022-07-27T19:34:21
20286243,FC1001647,,2022-07-27T19:34:21
14254394,the National Research Foundation of South Africa (grant number IFR14011761118 to TF),,2022-06-17T09:07:50
14254394,South African Medical Research Council (TF and SP),,2022-06-17T09:07:50
14254394,Cancer Association of South Africa (SP),,2022-06-17T09:07:50
14254394,National Research Foundation of South Africa (grant number  SRUG190306422357 to SP),,2022-06-17T09:07:50
14254394,University of Cape Town (TF and SP),,2022-06-17T09:07:50
19641306,"National Research Foundation of South Africa, grants CPRR14071676206 and IFR14011761118 to TF",,2022-06-17T09:07:30
19641306,"South African Medical Research Council, grant SIR328148 to TF",,2022-06-17T09:07:30
19630203,National Research Foundation of South Africa (IFR14011761118 to TF),,2022-06-10T13:03:29
19630203,South African Medical Research Council (SIR328148 to TF),,2022-06-10T13:03:29
19630203,CSIR Centre for High-Performance Computing (CHPC Flagship Project Grant IRMA9543 to TF),,2022-06-10T13:03:29
19630203,Dr. Leopold und Carmen Ellinger Stiftung (UCT Three-Way PhD Global Partnership Programme Grant DAD937134 to TF),,2022-06-10T13:03:29
19753525,Volvo Research and Education Foundation,,2022-05-27T10:09:05
14723313,National Research Foundation of South Africa (NRF),,2022-04-28T09:48:03
14723313,South African National Biodiversity Institute,,2022-04-28T09:48:03
13359398,"National Research Foundation of South Africa, grant IFR14011761118 to TF",,2022-04-25T05:41:18
13359398,"South African Medical Research Council, grant SIR328148 to TF",,2022-04-25T05:41:18
13359398,Translational Research in Biomaterials,National Institute of Biomedical Imaging and Bioengineering,2022-04-25T05:41:18
13359398,Epithelial layer jamming in breast cancer cell migration,National Cancer Institute,2022-04-25T05:41:18
13359398,Physics of collective cellular migration in lung health and disease,National Heart Lung and Blood Institute,2022-04-25T05:41:18
19142114,"3M sponsored the disposable zero heat-flux sensors and loaned the zero heat-flux monitor to the study team for the duration of the project. 3M had no input into the design, conduct, analysis or reporting of the study. No additional funding.",,2022-04-08T06:37:45
13602836,IMPAACT Leadership Group,National Institute of Allergy and Infectious Diseases,2022-04-08T06:31:57
13602836,SDMC - IMPAACT Leadership Group,National Institute of Allergy and Infectious Diseases,2022-04-08T06:31:57
13602836,"International Maternal, Adolescent and Pediatric Therapeutics Clinical Trials Network",National Institute of Allergy and Infectious Diseases,2022-04-08T06:31:57
13602836,Miami Center for AIDS Research pilot grant (663179),,2022-04-08T06:31:57
13602836,Kennedy Shriver National Institute of Child Health and Human Development (HHSN275201800001I),,2022-04-08T06:31:57
13602836,UK Medical Research Council (studentship MR/N013638/1),,2022-04-08T06:31:57
19299062,DST-NRF Centre of Excellence at the FitzPatrick Institute of African Ornithology,,2022-03-09T13:42:32
17693510,"Intra-African Academic Mobility Scheme of the European Commission's Education, Audiovisual and Culture Executive Agency (African Biomedical Engineering Mobility Scholarship to MK)",,2022-03-07T08:40:52
17693510,South African Medical Research Council (grant SIR 328148 to TF),,2022-03-07T08:40:52
17693510,National Research Foundation of South Africa (grant RA180923361690 to TF),,2022-03-07T08:40:52
19099868,DST-NRF Centre of Excellence of South Africa,,2022-02-01T04:25:53
19099868,Academy of Finland grant no. 12265,,2022-02-01T04:25:53
19099868,Academy of Finland grant no. 125720,,2022-02-01T04:25:53
19099868,Academy of Finland grant no. 138049,,2022-02-01T04:25:53
19099868,Kone Foundation,,2022-02-01T04:25:53
19099868,Kvantum Institute,,2022-02-01T04:25:53
19099868,Societas pro Fauna et Flora Fennica and Oskar Öflunds Stiftelse,,2022-02-01T04:25:53
16684846,"AXA Research Fund, through the AXA Research Chair in African Climate Risk",,2022-01-24T08:49:40
16684846,Danish Ministry of Foreign Affairs (MFA) [grant number 17-M07-KU],,2022-01-24T08:49:40
16684846,BNP Paribas Foundation Climate Initiative,,2022-01-24T08:49:40
14973897,WRC Report No. TT 822/2/20,,2022-01-07T08:50:56
16608190,"National Research Foundation of South Africa, Grant UID 93542, PI: T Franz",,2022-06-30T00:10:06
16608190,"South African Medical Research Council, Grant SIR 328148, PI: T Franz",,2022-06-30T00:10:06
21097654,"Bioplatforms Australia National Framework Initiative, Genetic Analysis of the ASPREE cohort, 2018-2020",,2022-10-18T01:20:45
20999185,NHMRC project grant 1145273,,2022-10-11T08:51:02
21268050,The Wellcome Trust OPOH grant 205222/Z/16/Z,,2022-10-05T09:58:00
21268050,Australian Research Council Discovery Early Career Researcher Award DE190100003,,2022-10-05T09:58:00
21268050,Australian Government Research Training Program Scholarship,,2022-10-05T09:58:00
21221012,Behavioural variation and the success of invasive animals,Australian Research Council,2022-09-28T11:40:09
20744875,Monash Graduate Scholarship,,2022-09-28T06:12:42
20744875,Monash International Postgraduate Research Scholarship,,2022-09-28T06:12:42
20744875,National Health and Medical Research Council project grant 1080587,,2022-09-28T06:12:42
20436402,Open Access funding enabled and organized by CAUL and its Member Institutions. This systematic review was not funded by any organisation. AG is supported by an Australian Government Research Training Program (RTP) Scholarship.,,2022-09-27T05:26:55
21116053,Unifying the mechanisms that drive spatial patterns in biological traits,Australian Research Council,2022-09-15T06:24:30
20728720,The diversity of core-collapse supernovae,Australian Research Council,2022-09-15T00:30:24
20785396,Australian Government Research Training Program,,2022-09-02T06:20:13
20785948,Australian Government Research Training Program,,2022-09-02T06:20:09
20786251,Australian Government Research Training Program,,2022-09-02T06:20:03
19896718,S01001 3955417 - ESA/Holsworth,,2022-08-19T01:45:12
18851036,Behavioural variation and the success of invasive animals,Australian Research Council,2022-08-18T21:27:34
20400018,How does developmental plasticity shape adaptation to environmental change? This project aims to address how animals adapt to environmental change by examining a process largely ignored in current studies: how the environment alters animal development,Australian Research Council,2022-07-29T04:46:13
20390031,"US Xerox PARC University Affairs Committee Grant, HE1721-2015",,2022-07-28T06:13:32
20381580,ARC Centre of Excellence for Climate Extremes,Australian Research Council,2022-07-27T12:18:54
20372814,"Gaps, rings and holes in protoplanetary discs",Australian Research Council,2022-07-26T10:03:53
2001141,http://purl.org/au-research/grants/arc/FT100100280,,2022-07-25T23:16:24
20145620,"Gaps, rings and holes in protoplanetary discs",Australian Research Council,2022-07-06T07:19:26
7835480,Monash International Postgraduate Research Scholarship (MIPRS),,2022-06-30T04:47:24
7835480,Research Training Program Scholarship Award (RTP),,2022-06-30T04:47:24
7835480,Australian Postgraduate Award (APA - Monash University),,2022-06-30T04:47:24
7835480,Monash Postgraduate Research - Travel Grant,,2022-06-30T04:47:24
7835480,Monash Postgraduate Research top-up - Travel Grant,,2022-06-30T04:47:24
19210632,ARC Centre of Excellence in Future Low Energy Electronics Technologies,Australian Research Council,2022-06-24T00:43:56
19210632,On-surface atomic-scale engineering of topological organic nanostructures,Australian Research Council,2022-06-24T00:43:56
20079527,Horizon 2020 637302,,2022-10-21T16:27:12
20079527,UK STFC ST/R000697/1,,2022-10-21T16:27:12
21310803,Wellcome Trust (212197/Z/19/Z),,2022-10-20T22:11:29
21310803,Medical Research Council (MR/S014934/1),,2022-10-20T22:11:29
21310803,UKRI Strategic Priorities Fund (EP/T002778/1),,2022-10-20T22:11:29
21310803,Wellcome Trust (WT093134AIA),,2022-10-20T22:11:29
21310803,MRC SHIMA award (MR/K015753/1),,2022-10-20T22:11:29
21311115,Wellcome Trust (212197/Z/19/Z),,2022-10-20T22:11:09
21311115,Medical Research Council (MR/S014934/1),,2022-10-20T22:11:09
21311115,UKRI Strategic Priorities Fund (EP/T002778/1),,2022-10-20T22:11:09
21311115,Wellcome Trust (WT093134AIA),,2022-10-20T22:11:09
21311115,MRC SHIMA award (MR/K015753/1),,2022-10-20T22:11:09
21304638,Wellcome Trust (212197/Z/19/Z),,2022-10-20T22:00:51
21304638,Medical Research Council (MR/S014934/1),,2022-10-20T22:00:51
21304638,UKRI Strategic Priorities Fund (EP/T002778/1),,2022-10-20T22:00:51
21304638,Wellcome Trust (WT093134AIA),,2022-10-20T22:00:51
21304638,MRC SHIMA award (MR/K015753/1),,2022-10-20T22:00:51
21304527,Wellcome Trust (212197/Z/19/Z),,2022-10-20T21:50:17
21304527,Medical Research Council (MR/S014934/1),,2022-10-20T21:50:17
21304527,UKRI Strategic Priorities Fund (EP/T002778/1),,2022-10-20T21:50:17
21310758,Wellcome Trust (212197/Z/19/Z),,2022-10-20T21:49:20
21310758,Medical Research Council (MR/S014934/1),,2022-10-20T21:49:20
21310758,UKRI Strategic Priorities Fund (EP/T002778/1),,2022-10-20T21:49:20
21310764,Wellcome Trust (212197/Z/19/Z),,2022-10-20T21:44:36
21310764,Medical Research Council (MR/S014934/1),,2022-10-20T21:44:36
21310764,UKRI Strategic Priorities Fund (EP/T002778/1),,2022-10-20T21:44:36
21310773,Wellcome Trust (212197/Z/19/Z),,2022-10-20T21:36:32
21310773,Medical Research Council (MR/S014934/1),,2022-10-20T21:36:32
21310773,UKRI Strategic Priorities Fund (EP/T002778/1),,2022-10-20T21:36:32
21310743,Wellcome Trust (212197/Z/19/Z),,2022-10-20T21:32:36
21310743,Medical Research Council (MR/S014934/1),,2022-10-20T21:32:36
21310743,UKRI Strategic Priorities Fund (EP/T002778/1),,2022-10-20T21:32:36
21310563,Wellcome Trust (212197/Z/19/Z),,2022-10-20T21:29:20
21310563,Medical Research Council (MR/S014934/1),,2022-10-20T21:29:20
21310563,UKRI Strategic Priorities Fund (EP/T002778/1),,2022-10-20T21:29:20
20937985,The role of sexual signal evolution in speciation and species coexistence,Natural Environment Research Council,2022-10-19T12:39:44
21221009,"The Lancaster, Manchester, Sheffield Consortium for Fundamental Physics: Particle Physics from colliders to the Universe",Science and Technology Facilities Council,2022-10-04T22:09:33
20589909,Hybrid Polaritonics,Engineering and Physical Sciences Research Council,2022-10-04T08:00:48
20589909,DTP 2018-19 University of Sheffield,Engineering and Physical Sciences Research Council,2022-10-04T08:00:48
21186355,"James S. McDonnell Foundation, grant 220020516",,2022-09-28T23:03:34
21186355,"National Institute of Neurological Disorders and Stroke, grant 1 F31 NS115242-01",,2022-09-28T23:03:34
21163399,"This work was supported by the EPSRC under Grant EP/S021035/1, and EPSRC ERC DTP Scholarship",,2022-09-28T14:34:07
20231877,AHRC studentship,,2022-09-27T13:41:32
21187387,Popular infrastructural politics: Connecting grassroots knowledge and practice on marketplace governance,Economic and Social Research Council,2022-09-27T12:38:37
21197800,Faculty scholarship,,2022-09-26T13:14:40
21185953,ACCE DTP (NERC) and Cefas (CASE) partner,,2022-09-23T07:43:50
20804953,Frequency Agile Radio (FARAD),Engineering and Physical Sciences Research Council,2022-09-04T21:12:22
20804953,Direct Digitisation for Frequency Agile Millimetre Wave Massive MIMO,Engineering and Physical Sciences Research Council,2022-09-04T21:12:22
20767984,Partially funded by Sheffield University Management School research stimulation funding,,2022-09-01T15:01:31
20715328,Not applicable,,2022-08-31T09:40:56
20444496,The Nuffield Foundation: Grant number OSP/43959,,2022-08-29T13:37:07
20480241,Modelling Mixing Mechanisms in 1D Water Network Models,Engineering and Physical Sciences Research Council,2022-08-12T13:38:02
20474019,"Priests in a post-imperial world, c. 900-1050",Arts and Humanities Research Council,2022-08-12T07:49:27
20443923,Natural environmental research council ACCE,,2022-08-08T09:08:36
15281652,Direct Digitisation for Frequency Agile Millimetre Wave Massive MIMO,Engineering and Physical Sciences Research Council,2022-08-05T11:26:00
15281652,Frequency Agile Radio (FARAD),Engineering and Physical Sciences Research Council,2022-08-05T11:26:00
20393481,The Nuffield Foundation: Grant number OSP/43959,,2022-08-02T22:17:03
20164538,"SETA: An open, sustainable, ubiquitous data and service ecosystem for efficient, effective, safe, resilient mobility in metropolitan areas",European Commission,2022-07-31T22:14:19
20343450,Pipe Dreams,Engineering and Physical Sciences Research Council,2022-07-21T22:05:22
20343450,Pennine Water Group EPSRC EP/1029346/1,,2022-07-21T22:05:22
20237634,"Commonwealth Scholarship Commission, UK",,2022-07-12T07:37:36
19673772,"University of Sheffield Impact, Innovation and Knowledge Exchange (IIKE) Fund",,2022-06-22T09:36:35
19673772,Research England-funded PitchIn project,,2022-06-22T09:36:35
20036507,European Union's Horizon 2020 research and innovation programme under grant agreement No. 778136,,2022-06-09T08:46:32
14744121,"Semiconductor Quantum Photonics: Control of Spin, Exciton and Photon Interactions by Nano-Photonic Design",Engineering and Physical Sciences Research Council,2022-06-08T10:05:14
14744121,Quantum and Many Body Physics Enabled by Advanced Semiconductor Nanotechnology,Engineering and Physical Sciences Research Council,2022-06-08T10:05:14
14744121,InterPol: Polariton lattices: a solid-state platform for quantum simulations of correlated and topological states,Engineering and Physical Sciences Research Council,2022-06-08T10:05:14
14744121,Quantum nonlinear optics with 2D materials,Engineering and Physical Sciences Research Council,2022-06-08T10:05:14
14744121,Paris Ile-de-France Region DIMSIRTEQ framework,,2022-06-08T10:05:14
14744121,ERC StG ARQADIA (949730),,2022-06-08T10:05:14
14744121,"ERC CoG EMERGENTOPO (865151),",,2022-06-08T10:05:14
14744121,Marie Sklodowska-Curie individual fellowship ToPol,,2022-06-08T10:05:14
14744121,ERC H2020-FETFLAG project PhoQus (820392),,2022-06-08T10:05:14
14744121,Labex CEMPI 206 (ANR-11-LABX-0007),,2022-06-08T10:05:14
19509001,EPSRC (EP/S026428/1),,2022-05-27T12:25:34
20465781,Quantum Interference Enhanced Thermoelectricity,European Commission,2022-10-26T13:27:04
21369972,NWO Open Mind grant 18127,,2022-10-26T06:48:37
21369972,4TU.Federation Plantenna project,,2022-10-26T06:48:37
21369972,Veni research program The River Plastic Monitoring Project with project number 18211,,2022-10-26T06:48:37
21369972,SESA Solving the Urban Plastic Soup,,2022-10-26T06:48:37
21387384,Extreme deformation of structured fluids and interfaces. Exploiting ultrafast collapse and yielding phenomena for new processes and formulated products,European Research Council,2022-10-25T09:11:52
21387483,Impact Aware Manipulation by Dexterous Robot Control and Learning in Dynamic Semi-Structured Logistic Environments,European Commission,2022-10-25T09:08:22
21387495,Impact Aware Manipulation by Dexterous Robot Control and Learning in Dynamic Semi-Structured Logistic Environments,European Commission,2022-10-25T09:08:13
21387753,"The research referred to here was financed by Poland's National Science Centre, under Research Project No. 2017/25/B/ST10/00981",,2022-10-24T12:30:45
21387510,Impact Aware Manipulation by Dexterous Robot Control and Learning in Dynamic Semi-Structured Logistic Environments,European Commission,2022-10-24T11:14:14
21370095,"This work is part of the research program Wearable Robotics with project number P16-05, which is (partly) funded by the Dutch Research Council (NWO).",,2022-10-24T08:19:54
21334146,BioBased Industries Joint Undertaking under the European Union’s Horizon 2020 research and innovation program under grant agreement No. 720726 (LIBBIO),,2022-10-21T07:07:13
20029532,Visualizing the native architecture and dynamics of plants' photosynthetic machinery,Dutch Research Council,2022-10-21T07:03:21
19323263,Metropolis 2: A unified approach to airspace design and separation management for U-space,European Commission,2022-10-21T07:00:10
21363081,NSERC Alliance Grant (ALLRP 566310-21),,2022-10-20T12:23:02
21363081,"NSERC Discovery Grant (RGPIN-2020-05,708)",,2022-10-20T12:23:02
21363081,WWF Canada,,2022-10-20T12:23:02
21363081,Canada Research Chairs Program,,2022-10-20T12:23:02
13176374,OCENW.KLEIN.020,,2022-10-20T09:02:08
13176374,NWO project ref 45666,,2022-10-20T09:02:08
21355329,Quantum Internet Alliance,European Commission,2022-10-19T13:45:57
21062629,"HTSM-NWO-AES, grant number 16238",,2022-10-19T07:08:49
20536569,Impact Aware Manipulation by Dexterous Robot Control and Learning in Dynamic Semi-Structured Logistic Environments,European Commission,2022-10-19T07:02:54
21103525,Pride and Prejudice project by 566 the 4TU federation under Grant No. 4TU-UIT-346,,2022-10-18T13:47:42
21346149,"Social, entrepreneurial and excelling doctors for water technology",European Commission,2022-10-18T07:10:59
21346149,"Dutch Ministry of Economic Affairs and Ministry of Infrastructure and Environment, the European Union Regional Development Fund, the Province of Frysland, and the Norther Netherlands Provinces.",,2022-10-18T07:10:59
21118699,Transforming Weather  Water data into value-added Information services for sustainable Growth in Africa,European Commission,2022-10-17T11:52:23
21118699,BRIdges the GAp for Innovations in Disaster resilience,European Commission,2022-10-17T11:52:23
20338212,Advancing the Science for Aviation and ClimAte,European Commission,2022-10-17T10:40:20
21330405,Implementation of an effective and cost-effective intervention for patients with psychotic disorders in low and middle income countries in South Eastern Europe,European Commission,2022-10-17T07:09:05
14685978,Delft University of Technology,,2022-10-14T11:42:34
14685978,China Scholarship Council,,2022-10-14T11:42:34
21285939,ShoreScape:Sustainable co-evolution of the natural and built environment along sandy shores,Dutch Research Council,2022-10-13T14:04:43
21285939,CoastScan,,2022-10-13T14:04:43
21316656,Advanced Research Center Chemical Building Blocks Consortium (ARC CBBC) [grant number 2016.007.TUD],,2022-10-12T10:53:54
21304308,Multiscale characterization of the fracture energy for delamination,Dutch Research Council,2022-10-12T08:46:54
20016194,NWO 639.022.606,,2022-10-10T06:19:42
20016194,Aspasia grant associated with vidi grant 639.022.606.,,2022-10-10T06:19:42
20017682,NWO 639.022.606,,2022-10-10T06:19:25
20017682,Aspasia grant associated with Vidi grant 639.022.606,,2022-10-10T06:19:25
20017559,NWO 639.022.606.,,2022-10-10T06:19:07
20017559,Aspasia grant associated with vidi grant 639.022.606.,,2022-10-10T06:19:07
20017664,NWO 639.022.606.,,2022-10-10T06:18:46
20017664,Aspasia grant associated with vidi grant 639.022.606.,,2022-10-10T06:18:46
20017748,NWO 639.022.606.,,2022-10-10T06:18:27
20017748,Aspasia grant associated with vidi grant 639.022.606.,,2022-10-10T06:18:27
20017805,NWO 639.022.606.,,2022-10-10T06:18:08
20017805,Aspasia grant associated with vidi grant 639.022.606.,,2022-10-10T06:18:08
21294714,Quantum Internet Alliance,European Commission,2022-10-07T13:23:02
21071140,"RAPID: Response to the 2021 Earthquake Swarm and Volcanic Eruption in Reykjanes, Iceland",Directorate for Geosciences,2022-10-04T16:04:28
21084865,"RAPID: Response to the 2021 Earthquake Swarm and Volcanic Eruption in Reykjanes, Iceland",Directorate for Geosciences,2022-10-04T15:02:22
19495178,NASA 80NSSC19K0561,,2022-09-27T21:58:21
19127993,Mechanisms of Human Cytomegalovirus Latency in Primary Human Hematopoietic Cells,National Institute of Allergy and Infectious Diseases,2022-08-22T14:29:35
19127993,Human Cytomegalovirus dysregulation of host hematopoietic progenitor cell signaling pathways to modulate latency and reactivation,National Institute of Allergy and Infectious Diseases,2022-08-22T14:29:35
19880254,"A Database of Mutsun, an Extinct California American Indian Language",National Endowment for the Humanities,2022-06-28T14:59:38
19880254,Woodrow Wilson Foundation Community Scholarship Grant,,2022-06-28T14:59:38
19491446,University of Arizona Libraries Data Grant 2022,,2022-04-12T21:30:06
16619782,Parkinson's and Movement Disorder Foundation (J.E. Miller),,2022-03-09T20:38:37
16619782,University of Arizona BIO5 Institute Accelerate for Success (J.E. Miller),,2022-03-09T20:38:37
16619782,University of Arizona Core Facilities Pilot Program (J.E. Miller),,2022-03-09T20:38:37
16619782,"University of Arizona Departments of Neuroscience and Speech, Language, and Hearing Sciences (J.E. Miller)",,2022-03-09T20:38:37
16619782,"National Science Foundation Graduate Research Fellowship Program (GRFP, NSF #DGE-1746060 - C.A. Medina)",,2022-03-09T20:38:37
16619782,University of Arizona's Initiative for Maximizing Student Development (NIH Grant # R25 GM 062584 - C.A. Medina),,2022-03-09T20:38:37
16619782,University of Arizona Marshall Foundation Dissertation Scholarship (C.A. Medina),,2022-03-09T20:38:37
16619782,University of Arizona Undergraduate Biology Research Program (E. Vargas),,2022-03-09T20:38:37
16619782,University of Arizona Border Latino and American Indian Summer Exposure to Research Program (E. Vargas),,2022-03-09T20:38:37
16619782,University of Arizona Neuroscience and Cognitive Science Program (E. Vargas),,2022-03-09T20:38:37
16619782,University of Arizona Honors College Thesis Research Award (E. Vargas),,2022-03-09T20:38:37
16619782,National Institute of Neurological Disorders and Stroke of the National Institutes of Health under Award Number R21NS123512 to J.E. Miller. The content is solely the responsibility of the authors and does not necessarily represent the official views of the National Institutes of Health.,,2022-03-09T20:38:37
19216809,Elevated CO2 and Limited Water Supply Effects on Carbon Processes and Sequestration in a C4 Grass (Sorghum) Ecosystem,Office of Biological and Environmental Research,2022-02-28T22:35:57
19216809,"Grant No. 97-35109-5065 from the USDA, Competitive Grants Program to the University of Arizona (S.W. Leavitt, M. Ottman, A.D. Matthias, T.L. Thompson, D.G. Williams and R.L. Roth, PIs)",,2022-02-28T22:35:57
19216809,USDA Agricultural Research Service,,2022-02-28T22:35:57
19216809,DOE/NSF/NASA/USDA/EPA Joint Program on Terrestrial Ecology and Global Change (TECO III),,2022-02-28T22:35:57
19199192,Figuring Thin Optical Components Using Ultrashort Pulsed Laser Stress,Directorate for Engineering,2022-02-24T03:12:00
14632593,Biochemical link between plant volatile organic compound (VOC) emissions and CO2 metabolism - from sub-molecular to ecosystem scales,European Research Council,2021-06-03T23:24:19
16823602,Forecasting Dryland Ecosystem Vulnerability to Change: A Cross-System Assessment of Vegetation and Process Responses to Disturbance and Climate Variability on DoD Lands,Office of the Secretary of Defense,2021-12-15T20:39:06
16823602,United States Department of Agriculture (USDA) cooperative agreement 58-3050-9-013,,2021-12-15T20:39:06
16823602,United States Department of Agriculture (USDA) cooperative agreement 58-2022-8-010,,2021-12-15T20:39:06
17086889,Collaborative Research: Fresh water and heat fluxes to the Arctic Ocean modeled with tree-ring proxies,Directorate for Geosciences,2021-12-01T15:36:14
16822399,Collaboratively Assessing Critical Social-Ecological System Buffers to Help BuildRegional Climate Resilience: The Climate Assessment for the Southwest,National Oceanic and Atmospheric Administration,2021-11-19T21:28:33
16822399,U.S. Geological Survey grant G17AP00099,,2021-11-19T21:28:33
12814340,NASA MDAP NNX15AM52G,,2021-10-05T00:11:31
13963886,The Downside of Smelling for Danger: Fitness Costs of Plant Defense Priming via Plant-Plant Volatile Signaling,Directorate for Biological Sciences,2021-11-04T16:57:10
13963886,CAREER: Overcoming crown shyness: lianas determine ant community structure in the tropical rain forest canopy,Directorate for Biological Sciences,2021-11-04T16:57:10
13963886,IOS-2101059:  The Downside of Smelling for Danger: Fitness Costs of Plant Defense Priming via Plant-Plant Volatile Signaling,,2021-11-04T16:57:10
13963886,GRF-2018265609,,2021-11-04T16:57:10
13963886,The Downside of Smelling for Danger: Fitness Costs of Plant Defense Priming via Plant-Plant Volatile Signaling,Directorate for Biological Sciences,2021-11-04T16:57:10
12735992,Andrew Mellon Foundation,,2021-10-28T16:38:44
14878110,ISO-1353191,,2021-10-05T21:04:05
14632662,Biochemical link between plant volatile organic compound (VOC) emissions and CO2 metabolism - from sub-molecular to ecosystem scales,European Research Council,2021-10-08T21:17:20
14632662,Philecology Foundation,,2021-10-08T21:17:20
15070800,CESA has been made possible in part by a Humanities Collections and Referral Resources grant from the National Endowment of the Humanities: Exploring the Human Endeavor,,2021-09-27T18:44:49
14192885,The Downside of Smelling for Danger: Fitness Costs of Plant Defense Priming via Plant-Plant Volatile Signaling,Directorate for Biological Sciences,2021-09-17T15:45:39
14192885,The Downside of Smelling for Danger: Fitness Costs of Plant Defense Priming via Plant-Plant Volatile Signaling,Directorate for Biological Sciences,2021-09-17T15:45:39
13383014,"U.S. Department of Energy, Office of Science, Office of The Small Business Innovation Research (SBIR) grant, Office of Science, under Award Number(s) DE-SC0018459",,2021-09-15T16:08:21
14849762,National Institute for Transportation and Communities (NITC) grant 12955,,2021-07-22T21:39:38
14557899,"Hill Fellowship, Pennsylvania State University",,2021-06-22T19:50:35
12904412,Doctoral Dissertation Research: Integrating Image Spectroscopy and Microbial Biogeochemistry to Analyze Woody Shrub Encroachment,"Directorate for Social, Behavioral & Economic Sciences",2021-06-03T19:28:59
12904412,MSB-ECA: Leveraging NEON data to investigate remote sensing of biodiversity variables and scaling implications,Directorate for Biological Sciences,2021-06-03T19:28:59
12904412,Partial Support was also provided by Arizona Agricultural Experiment Station AZRT-1390130-M12-222,,2021-06-03T19:28:59
14259785,"University of Arizona College of Humanities' COH Graduate Student Research Grants Program, Spring 2020",,2021-05-20T19:44:23
14259785,University of Arizona Department of Linguistics' Human Language Technology Program Funds,,2021-05-20T19:44:23
21394662,Loughborough University,,2022-10-25T13:08:05
21394662,St Andrew’s Healthcare,,2022-10-25T13:08:05
21207842,The Kinesemiotic Body: a pragmatic account of the local discourse organisation of dance,Arts and Humanities Research Council,2022-10-06T08:24:56
21270195,Loughborough University,,2022-10-04T12:56:57
21270195,England and Wales Cricket Board,,2022-10-04T12:56:57
21270108,"DEcarbonisation of Low TemperAture Process Heat Industry, DELTA PHI",Engineering and Physical Sciences Research Council,2022-10-04T12:24:48
14672901,UK Sport,,2022-09-30T08:42:17
21231506,NIHR Leicester Biomedical Research Centre,,2022-09-29T15:51:55
21231506,"Food and Nutrition Action in Health Systems Unit, Department of Nutrition and Food Safety, WHO",,2022-09-29T15:51:55
21231251,Innovate UK Energy Catalyst Round 6: Project Number 10528,,2022-09-29T14:51:40
21230843,Loughborough University,,2022-09-29T14:06:53
21186076,Central England NERC Training Alliance (CENTA),Natural Environment Research Council,2022-09-28T08:49:42
21186076,"Svalbard Integrated Arctic Earth Observing System – Knowledge Centre, operational phase",The Research Council of Norway,2022-09-28T08:49:42
21120490,Body size trajectories and cardio-metabolic resilience to obesity in three United Kingdom birth cohorts,Medical Research Council,2022-09-15T15:07:12
21119767,Underpinning Multi-User Equipment,Engineering and Physical Sciences Research Council,2022-09-15T12:25:52
21118861,Council of Scientific and Industrial Research. Grant Number: 09/140(0174)/2018-EMR-1,,2022-09-15T10:03:03
21118741,Peter Harrison Foundation,,2022-09-15T09:32:19
21118741,Loughborough University,,2022-09-15T09:32:19
20768572,"Higher Education Commission, Mauritius",,2022-09-01T14:14:26
20765923,"Nanomission project, DST, India (SR/NM/NS-20/2014)",,2022-09-01T10:36:15
20489178,National Science Fund for Excellent Young Scholars (51322811),,2022-08-15T11:16:14
20489178,"Department of Science and Technology of Shandong Province (Key R&D Program (International Cooperation), 2019GHZ030)",,2022-08-15T11:16:14
20488884,Loughborough University,,2022-08-15T09:27:58
20488884,DTP 2018-19 Loughborough University,Engineering and Physical Sciences Research Council,2022-08-15T09:27:58
20488884,Integrated atomic force and confocal fluorescence lifetime imaging microscope with fibre-coupled infrared detector for materials research,Engineering and Physical Sciences Research Council,2022-08-15T09:27:58
20488884,EPRSC Resource Only Strategic Equipment: the Warwick Analytical Science Centre,Engineering and Physical Sciences Research Council,2022-08-15T09:27:58
5812959,EPSRC,,2022-08-09T11:14:15
20368098,H2020 Marie Skłodowska-Curie Actions. Grant Number: 750556,,2022-07-25T13:11:41
20368023,Glendonbrook studentship,,2022-07-25T11:31:53
18750458,New strategies to reduce anaemia and risk of overweight and obesity through complementary feeding of infants and young children in Peru,Medical Research Council,2022-07-22T09:06:30
20180150,Multielectron photoredox catalysts based on charge accumulation in conjugated macrocycles,Engineering and Physical Sciences Research Council,2022-07-22T08:24:20
20300814,Loughborough University,,2022-07-13T12:57:05
20300814,European Union Copernicus Programme,,2022-07-13T12:57:05
20300814,"Department for Business, Energy and Industrial Strategy, UK Government. Grant Number: Met Office Hadley Centre Climate Programme",,2022-07-13T12:57:05
20296914,"Arthritis Research UK Centre for Sport, Exercise and Osteoarthritis",Versus Arthritis,2022-07-13T11:22:07
20297226,Royal Society-Newton International Fellowship (NIF\R1\180346),,2022-07-13T10:24:06
20195342,Emilia-Romagna Region and ANBI Emilia-Romagna,,2022-06-30T09:26:00
20195342,Royal Society-Newton International Fellowship at Loughborough University (NIF\R1\180346),,2022-06-30T09:26:00
16863232,Loughborough University,,2022-06-23T07:50:11
16863232,Engineering and Physical Sciences Research Council (EPSRC),,2022-06-23T07:50:11
20079890,STAMINA: Strategies to Mitigate Nutritional Risks among mothers and infants under 2 years in low income urban households in Peru during COVID-19,Engineering and Physical Sciences Research Council,2022-06-16T13:23:00
20079890,"Consejo Nacional de Ciencia, Tecnología eInnovación Tecnológica (Concytec) Peru, viaFondo Nacional de Desarrollo Científico,Tecnológico y de Innovación Tecnológica(Fondecyt), Grant/Award Number: 032‐2019",,2022-06-16T13:23:00
20079890,New strategies to reduce anaemia and risk of overweight and obesity through complementary feeding of infants and young children in Peru,Medical Research Council,2022-06-16T13:23:00
20067422,Loughborough University,,2022-06-14T16:09:13
20067422,National Institute for Health Research NIHR Leicester Biomedical Research Centre,,2022-06-14T16:09:13
20066618,"The Illiberal Turn? News Consumption, Polarization and Democracy in Central and Eastern Europe",Economic and Social Research Council,2022-06-14T12:29:47
19780786,STFC Cancer Diagnosis Network+,Science and Technology Facilities Council,2022-06-13T13:19:05
16912477,AGC Europe,,2022-06-13T12:57:58
16912420,AGC Europe,,2022-06-13T12:57:50
16912525,AGC Europe,,2022-06-13T12:57:41
16912633,AGC Europe,,2022-06-13T12:57:33
16912645,AGC Europe,,2022-06-13T12:57:26
19641330,George H. Miller Memorial Fund,,2022-07-31T14:51:07
10755629,"This work was supported by the Centers for Disease Control and Prevention Epicenter Program through cooperative agreement U54CK000445, the UIC Epicenter for Prevention of Healthcare Associated Infections.",,2018-06-28T00:00:00
10755650,"This work was supported by the Centers for Disease Control and Prevention Epicenter Program through cooperative agreement U54CK000445), the UIC Epicenter for Prevention of Healthcare Associated Infections.",,2018-06-26T00:00:00
21405315,MyFoodSwaps - Latrobe Health Assembly,,2022-10-27T00:34:38
21405315,Use of Intake24 in the Department of Health Intergenerational Health and Mental Health Study (IHMHS) - Australian Bureau of Statistics (ABS),,2022-10-27T00:34:38
20290605,Faculty of Science Dean’s Postgraduate Research Scholarship (DPRS),,2022-08-08T04:28:31
20290605,Faculty of Science Dean’s International Postgraduate Research Scholarship (DIPRS),,2022-08-08T04:28:31
19106735,ARC Linkage LP110100084,,2022-02-02T05:52:38
16902706,Communicating health: optimising engagement and retention using social media,National Health and Medical Research Council,2021-10-29T06:08:14
21288162,Reducing plastic packaging and food waste through product innovation simulation.,Natural Environment Research Council,2022-10-07T12:28:24
21287457,Reducing plastic packaging and food waste through product innovation simulation.,Natural Environment Research Council,2022-10-07T10:09:33
19228590,JISC,,2022-02-24T12:24:23
19222632,JISC,,2022-02-24T10:33:02
19222578,JISC,,2022-02-24T10:16:55
19222566,JISC,,2022-02-24T10:15:39
19222527,JISC,,2022-02-24T10:14:09
14258495,Research on Research Institute,,2021-03-22T13:56:16
13701193,"Realising the Transition to the Circular Economy: Models, Methods and Applications",European Commission,2021-02-04T09:05:39
13663589,"Realising the Transition to the Circular Economy: Models, Methods and Applications",European Commission,2021-02-02T12:14:35
13663550,"Realising the Transition to the Circular Economy: Models, Methods and Applications",European Commission,2021-02-02T12:11:36
13656824,"Realising the Transition to the Circular Economy: Models, Methods and Applications",European Commission,2021-01-28T23:13:30
13656776,"Realising the Transition to the Circular Economy: Models, Methods and Applications",European Commission,2021-01-28T23:11:54
13656767,"Realising the Transition to the Circular Economy: Models, Methods and Applications",European Commission,2021-01-28T23:11:26
13656692,"Realising the Transition to the Circular Economy: Models, Methods and Applications",European Commission,2021-01-28T23:11:04
13655873,"Realising the Transition to the Circular Economy: Models, Methods and Applications",European Commission,2021-01-28T23:10:47
13634726,"Realising the Transition to the Circular Economy: Models, Methods and Applications",European Commission,2021-01-26T12:26:13
13634720,"Realising the Transition to the Circular Economy: Models, Methods and Applications",European Commission,2021-01-26T12:25:52
13634711,"Realising the Transition to the Circular Economy: Models, Methods and Applications",European Commission,2021-01-26T12:25:22
13634789,"Realising the Transition to the Circular Economy: Models, Methods and Applications",European Commission,2021-01-26T12:24:43
13634786,"Realising the Transition to the Circular Economy: Models, Methods and Applications",European Commission,2021-01-26T12:24:23
13634783,"Realising the Transition to the Circular Economy: Models, Methods and Applications",European Commission,2021-01-26T12:24:01
13634780,"Realising the Transition to the Circular Economy: Models, Methods and Applications",European Commission,2021-01-26T12:23:34
13259753,NIHR SPHR grant,,2020-11-20T12:05:27
13139087,"WLA0352, WRoCAH Large Award, White Rose College of the Arts and Humanities.",,2020-10-25T16:46:58
13139087,"AH/L503848/1,  WRoCAH AHRC Open Competition Studentship, Arts and Humanities Research Council",,2020-10-25T16:46:58
9980849,Health Foundation,,2019-10-16T08:05:34
5673883,EP/K03877X/1; NC/K000780/1;,,2017-12-06T10:06:31
5208187,Arts and Humanities Research Council,,2017-07-14T08:48:01
16905061,Arizona Space Grant Consortium NASA Education Cooperative Agreement 80NSSC20M0041,,2021-12-15T16:23:35
14474421,Arizona Space Grant Consortium NASA Education Cooperative Agreement 80NSSC20M0041,,2021-05-19T17:41:00
14477715,Arizona Space Grant Consortium NASA Education Cooperative Agreement 80NSSC20M0041,,2021-05-14T20:23:58
14477715,Support for continuing Co-I Participation in NASA's OSIRIS-REx sample return mission.,Science and Technology Facilities Council,2021-05-14T20:23:58
12439997,Arizona/NASA Space Grant Consortium,,2020-06-19T18:58:08
12440030,Arizona/NASA Space Grant Consortium,,2020-06-15T16:32:31
12307226,"THE ARIZONA SPACE GRANT CONSORTIUM (AZSGC), IS A PHASE I NASA SPACE GRANT COLLEGE AND FELLOWSHIP CONSORTIUM WITH THE THREE STATE UNIVERSITIES: THE UNIVERSITY OF ARIZONA (UA), ARIZONA STATE UNIVERSITY (ASU), NORTHERN ARIZONA UNIVERSITY (NAU), AND EMBRY-RID",National Aeronautics and Space Administration,2020-05-22T21:28:25
12307187,"THE ARIZONA SPACE GRANT CONSORTIUM (AZSGC), IS A PHASE I NASA SPACE GRANT COLLEGE AND FELLOWSHIP CONSORTIUM WITH THE THREE STATE UNIVERSITIES: THE UNIVERSITY OF ARIZONA (UA), ARIZONA STATE UNIVERSITY (ASU), NORTHERN ARIZONA UNIVERSITY (NAU), AND EMBRY-RID",National Aeronautics and Space Administration,2020-05-21T17:34:33
12210020,THE ARIZONA SPACE GRANT CONSORTIUM (AZSGC) IS PROPOSING FOR A NATIONAL SPACE GRANT COLLEGE AND FELLOWSHIP PROGRAM TRAINING GRANT FOR 2015-2018 IN RESPONSE TO NASA AO NNH15ZHA003N TO AUOW AZSGC TO CONTINUE SPONSOR STATEWIDE SPACE GRANT ACTIVITIES FOR THE 2,National Aeronautics and Space Administration,2020-05-05T23:52:35
12209978,"THE ARIZONA SPACE GRANT CONSORTIUM (AZSGC), IS A PHASE I NASA SPACE GRANT COLLEGE AND FELLOWSHIP CONSORTIUM WITH THE THREE STATE UNIVERSITIES: THE UNIVERSITY OF ARIZONA (UA), ARIZONA STATE UNIVERSITY (ASU), NORTHERN ARIZONA UNIVERSITY (NAU), AND EMBRY-RID",National Aeronautics and Space Administration,2020-04-30T22:53:18
12026436,"THE ARIZONA SPACE GRANT CONSORTIUM (AZSGC), IS A PHASE I NASA SPACE GRANT COLLEGE AND FELLOWSHIP CONSORTIUM WITH THE THREE STATE UNIVERSITIES: THE UNIVERSITY OF ARIZONA (UA), ARIZONA STATE UNIVERSITY (ASU), NORTHERN ARIZONA UNIVERSITY (NAU), AND EMBRY-RID",National Aeronautics and Space Administration,2020-04-23T18:10:35
21257331,National Natural Science Foundation of China (52265021),,2022-10-03T15:51:38
21257331,Natural Science Foundation of Inner Mongolia Autonomous Region (No. 2021MS01011),,2022-10-03T15:51:38
21257331,Science and Technology Youth Talent Development Program of Inner Mongolia Autonomous Region (No. NJYT22071),,2022-10-03T15:51:38
21070306,EP/V048686/1,,2022-09-30T07:51:16
10067294,Repositioning Graphic Heritage,Arts and Humanities Research Council,2022-08-09T12:52:47
14332931,EPSRC: EP/V048686/1,,2021-04-01T08:26:24
9118859,Repositioning Graphic Heritage,Arts and Humanities Research Council,2020-07-27T15:55:24
9118841,Repositioning Graphic Heritage,Arts and Humanities Research Council,2020-07-27T15:54:37
9118901,Repositioning Graphic Heritage,Arts and Humanities Research Council,2019-07-31T08:31:31
7472375,"University of Engineering and Technology (UET), Lahore and Higher Education Commission (HEC), Pakistan under FDP scholarship scheme",,2018-12-18T11:04:23
7416032,NERC KE Fellowship: NE/R003297/1,,2018-12-13T13:39:54
7416032,INTER-ACTION - 'Defining how we can act together to manage insurable risk',Natural Environment Research Council,2018-12-13T13:39:54
15131076,Research Initiation - Developing Professional Identity: Integrating Academic and Workplace Competencies within Engineering Programs,Directorate for Engineering,2021-09-03T20:36:01
14426144,CAREER: Applied Model Theory,Directorate for Mathematical & Physical Sciences,2021-04-17T20:39:59
14426144,Model Theory and Differential Equations,Directorate for Mathematical & Physical Sciences,2021-04-17T20:39:59
10781906,"This project has been funded in whole or in part with Federal Funds from the National Library of Medicine, National Institutes of Health, Department of Health and Human Services, under Contract No. HHSN-276-2011-00005C with the University of Illinois at Chicago",,2018-06-29T00:00:00
10959881,Health Sciences Librarians of Illinois,,2017-01-10T00:00:00
10959956,National Federation of Advanced Information Services (NFAIS),,2017-01-10T00:00:00
11109935,DataONE is funded by the NSF Office of Cyberinfrastructure.,,2010-03-30T00:00:00
11110538,"DataOne is a collaboration among many partner organizations, and is funded by the US National Science Foundation (NSF) under a Cooperative Agreement, award number 0830944.",,2010-01-04T00:00:00
10959866,Midwest Chapter/Medical Library Association,,2009-06-18T00:00:00
10959926,University of Illinois at Chicago University Library,,2007-03-28T00:00:00
10959872,CARLI IAUG Public Services Forum,,2006-12-13T00:00:00
19354070,International Development Research Centre,,2022-04-08T06:21:00
8041085,NIHCD (R21 HD093463-01),,2019-07-30T12:42:29
8058791,UK Department for International Development [201446],,2019-05-02T12:40:15
21345570,ARC Discovery Project DP190102286,,2022-10-17T09:40:34
21345555,ARC Discovery Project DP190102286,,2022-10-17T09:37:40
11301248,Monash University,,2019-11-30T22:27:10
11301248,Data Fluency for Researchers,,2019-11-30T22:27:10
13524530,ARC Discovery Grant DP190102422,,2021-01-06T09:56:42
9968870,Communicating health: optimising engagement and retention using social media,National Health and Medical Research Council,2020-10-20T04:43:53
10093643,Communicating health: optimising engagement and retention using social media,National Health and Medical Research Council,2020-10-20T04:15:26
9968396,Communicating health: optimising engagement and retention using social media,National Health and Medical Research Council,2020-10-15T09:34:15
13017875,This project was supported by the Australian Government’s Medical Research Future Fund (MRFF) as part of the Rapid Applied Research Translation program through Monash Partners,,2020-09-29T07:25:09
13018586,This project was supported by the Australian Government’s Medical Research Future Fund (MRFF) as part of the Rapid Applied Research Translation program through Monash Partners,,2020-09-29T05:24:13
11445408,"Mornington Peninsula Shire, Place-making grant",,2019-12-24T02:19:38
7678775,The Australia-Indonesia Centre,,2019-05-06T07:23:52
8081789,The Australia-Indonesia Centre,,2019-05-06T07:22:54
7678808,The Australia-Indonesia Centre,,2019-05-06T04:06:30
7476470,This work is supported by an Australian Government Research Training Program Scholarship,,2018-12-18T01:53:09
21287877,Reducing plastic packaging and food waste through product innovation simulation.,Natural Environment Research Council,2022-10-07T10:39:19
21288075,Reducing plastic packaging and food waste through product innovation simulation.,Natural Environment Research Council,2022-10-07T10:25:49
21261990,NIHR (NF-SI-0617-10012),,2022-10-03T15:57:35
21261990,China Scholarship Council (grant number 201908890049),,2022-10-03T15:57:35
21213557,NIHR CTU Support Funding,,2022-09-27T14:08:59
21163219,NIHR Senior Investigator Award (NF-SI-0617-10012),,2022-09-20T16:55:18
21107659,NIHR Senior Investigator Award (NF-SI-0617-10012),,2022-09-20T16:54:11
20527632,Medical Research Council MC_PC_18018,,2022-08-23T07:33:31
20523036,China Scholarship Council,,2022-08-21T18:41:23
20523036,NIHR Senior Investigator Award (NF-SI-0617-10012),,2022-08-21T18:41:23
20394018,"Strategic Research Support Fund, Department of Sociological Studies, University of Sheffield",,2022-08-01T10:23:46
11987295,BBSRC,,2020-03-17T15:13:10
19576069,LIvES Study (GOG 0225) NCT00719303,,2022-05-04T19:55:14
19576069,BMISR UACC P30 CA023074,,2022-05-04T19:55:14
19576069,NIH/NCI 1R21CA256680-01 (MPI: Tracy E. Crane/Steven J. Bethard),,2022-05-04T19:55:14
21253572,Perpetual Plastic for Food to Go (PPFTG),Natural Environment Research Council,2022-10-06T12:41:18
21253539,Perpetual Plastic for Food to Go (PPFTG),Natural Environment Research Council,2022-10-06T12:38:34
21262851,LDMI doctoral training programme,,2022-10-04T10:37:22
21262851,EPSRC,,2022-10-04T10:37:22
21262818,Perpetual Plastic for Food to Go (PPFTG),Natural Environment Research Council,2022-10-04T10:12:23
21067153,EPSRC Centre for Doctoral Training in Sustainable Hydrogen - SusHy,Engineering and Physical Sciences Research Council,2022-09-09T10:44:19
20103317,Engineering and Physical Sciences Research Council,,2022-06-27T13:29:55
20103317,Loughborough University,,2022-06-27T13:29:55
16844563,European Union,,2021-10-21T11:22:34
16832257,United States Agency for International Development (USAID),,2021-10-19T13:26:55
16832251,United States Agency for International Development (USAID),,2021-10-19T13:19:38
16832146,Government of Canada provided through Global Affairs Canada,,2021-10-19T12:44:12
16832116,Global Affairs Canada (GAC),,2021-10-19T12:37:48
16832116,Nepal Earthquake Relief Fund (NERF),,2021-10-19T12:37:48
16832098,Government of Canada provided through Global Affairs Canada,,2021-10-19T12:30:19
14933391,Immunity passport service design: a user-centred approach to inform UK's national exit strategy from the lockdown,Arts and Humanities Research Council,2021-07-12T11:04:58
14846919,Digital Toolkit for optimisation of operators and technology in manufacturing partnerships (DigiTOP),Engineering and Physical Sciences Research Council,2021-06-28T15:24:23
14572545,Immunity passport service design: a user-centred approach to inform UK's national exit strategy from the lockdown,Arts and Humanities Research Council,2021-05-18T12:53:10
14588460,"SYnthesizing 3D METAmaterials for RF, microwave and THz applications (SYMETA)",Engineering and Physical Sciences Research Council,2021-05-14T08:30:14
14571687,"SYnthesizing 3D METAmaterials for RF, microwave and THz applications (SYMETA)",Engineering and Physical Sciences Research Council,2021-05-12T09:29:00
14532825,"SYnthesizing 3D METAmaterials for RF, microwave and THz applications (SYMETA)",Engineering and Physical Sciences Research Council,2021-05-06T09:09:42
13526441,UK Foreign Commonwealth and Development Office grant IATI Identifier: GB-GOV-1-300123: Modernising Energy Cooking Services.,,2021-01-11T11:16:03
14522415,Collaborative Community Engagement Grant | Funder: College of Education’s Office,,2021-05-08T00:04:55
14520816,MOA -Courage to Quit Smoking Cessation Program | Funder: Respiratory Health Assn of Metropolitan Chicago,,2021-05-07T23:27:57
21163723,Max Price &  Deborah Posel Scholarship,,2022-09-21T07:07:04
21103363,South African National Antarctic Program,,2022-09-14T09:15:34
21103363,European Union's Horizon 2020 research and innovation programme  under grant agreement No 101003826 via project CRiceS  (Climate Relevant interactions and feedbacks: the key role of sea ice and Snow in the polar and global climate system),,2022-09-14T09:15:34
21103363,https://whalesandclimate.org,,2022-09-14T09:15:34
18856337,South African National Research Foundation (NRF) grant 121047,,2022-01-26T11:47:24
16866403,Privately,,2022-01-21T13:19:18
16802584,"SEAChange Project of the South African Network for Coastal and Oceanic Research, funded by the Branch: Fisheries",,2021-10-15T13:10:43
16802584,National Research Foundation,,2021-10-15T13:10:43
16802629,SEAChange Project of the South African Network for Coastal and Oceanic Research,,2021-10-15T13:10:39
16802629,National Research Foundation Grant holders Bursary,,2021-10-15T13:10:39
16802611,"SEAChange Project of the South African Network for Coastal and Oceanic Research, funded by the Branch: Fisheries",,2021-10-15T13:10:29
16802611,National Research Foundation,,2021-10-15T13:10:29
16546008,South African National Research Foundation (NRF) grant 121047,,2021-09-16T11:41:23
16545690,South African National Research Foundation (NRF) grant 121047,,2021-09-16T11:40:52
14405990,NIH Common Fund Award / NHGRI Grant Number U24HG006941,,2021-08-16T14:39:43
14573088,Immunological significance of QuantiFERON TB Gold In-tube reversions in settings with high burden of tuberculosis,National Institute of Allergy and Infectious Diseases,2021-05-13T10:43:29
14528547,"The work of WG 151 presented in this output results, in part, from funding provided by national committees of the Scientific Committee on Oceanic Research (SCOR) and from a grant to SCOR from the U.S. National Science Foundation (OCE-1840868).",,2021-05-03T08:08:22
13258931,South African Statistical Association,,2020-11-19T09:43:00
13203677,South African Statistical Association,,2020-11-08T07:43:32
11929290,South African Statistical Association,,2020-08-25T18:05:57
12613502,South African Statistical Association,,2020-08-25T18:05:25
12315167,South African Statistical Association,,2020-08-25T18:05:14
12832568,South African Statistical Association,,2020-08-24T11:14:35
7645127,"SARChI in Bioengineering Research, University of Cape Town",,2019-12-11T12:00:14
20220303,Novo Nordisk Foundation Center  for Stem Cell Medicine 2022-2026,,2022-09-13T11:03:31
20353410,Australian National Health and Medical Research Council,,2022-08-02T01:04:42
19669323,South West ESRC Doctoral Training Centre DTG 2011,Economic and Social Research Council,2022-06-13T01:29:10
19669323,How should we measure school performance and hold schools accountable? A study of competing statistical methods and how they compare to Progress 8,Economic and Social Research Council,2022-06-13T01:29:10
19669356,South West ESRC Doctoral Training Centre DTG 2011,Economic and Social Research Council,2022-06-13T01:28:53
19669356,How should we measure school performance and hold schools accountable? A study of competing statistical methods and how they compare to Progress 8,Economic and Social Research Council,2022-06-13T01:28:53
19669410,South West ESRC Doctoral Training Centre DTG 2011,Economic and Social Research Council,2022-06-13T01:28:40
19669410,How should we measure school performance and hold schools accountable? A study of competing statistical methods and how they compare to Progress 8,Economic and Social Research Council,2022-06-13T01:28:40
19669512,South West ESRC Doctoral Training Centre DTG 2011,Economic and Social Research Council,2022-06-13T01:28:19
19669512,How should we measure school performance and hold schools accountable? A study of competing statistical methods and how they compare to Progress 8,Economic and Social Research Council,2022-06-13T01:28:19
13289105,Understanding the function and regulation of G protein-coupled receptor signalosomes and their role as high resolution signalling platforms,National Health and Medical Research Council,2022-04-28T02:37:05
13289105,Phosphoinositide 4-phosphatases in health and disease,National Health and Medical Research Council,2022-04-28T02:37:05
13289105,RD Wright Career Development Fellowship,,2022-04-28T02:37:05
13285460,Realising the potential of hyperbolic programming,Australian Research Council,2022-04-11T08:04:06
13285460,"Agile synthesizers for quantum computing, simulation and sensing",Australian Research Council,2022-04-11T08:04:06
19134755,Enabling precise droplet control in hydrofluorocarbon free sprays,Australian Research Council,2022-02-09T23:41:45
19134755,Engineering an environmentally-friendly metered dose inhaler,Australian Research Council,2022-02-09T23:41:45
16689385,"The Wellcome Trust [Our Planet, Our Health Grant 205222/Z/16/Z]",,2021-09-28T06:03:59
16689385,Australian Government Research Training Program Scholarship,,2021-09-28T06:03:59
16689385,Australian Research Council Discovery Early Career Researcher Award (DE190100003),,2021-09-28T06:03:59
15057237,Rotary Global Grant GG1637399,,2021-07-27T01:38:17
13653614,GRK 1871:         Molecular Pathogenesis of Male Reproductive Disorders,Deutsche Forschungsgemeinschaft,2021-01-28T03:48:34
13557764,Haplodiploidy: the great evolutionary innovation of the Hymenoptera,Australian Research Council,2021-01-11T23:53:02
13065239,"The impact of policy, demography and geography on work disability",Australian Research Council,2020-12-09T00:03:12
13065239,Compensation Policy and Return to Work Effectiveness (ComPARE) Study Project - Phase 2,Safe Work Australia,2020-12-09T00:03:12
13284152,ARC Linkage Grant LP160101494,,2020-11-25T01:48:33
12911090,T32 GM008313/GM/NIGMS NIH HHS/United States,,2020-09-03T05:45:18
12696146,"The impact of policy, demography and geography on work disability",Australian Research Council,2020-07-23T06:59:18
12696146,Compensation Policy and Return to Work Effectiveness (ComPARE) Study Project - Phase 2,Safe Work Australia,2020-07-23T06:59:18
12607505,Characterising complex I function and dysfunction in mitochondrial disease,National Health and Medical Research Council,2020-07-03T05:39:12
12607505,The role of natural protein inhibitors in blocking breast cancer invasion,National Health and Medical Research Council,2020-07-03T05:39:12
12607505,Characterising the tumour suppressive function of myoepithelial cell stefin A in ductal carcinoma in situ,National Health and Medical Research Council,2020-07-03T05:39:12
12607505,Crosstalk between breast cancer cells and the microenvironment to promote metastasis,Australian Research Council,2020-07-03T05:39:12
12607505,"Using molecular pathology to improve diagnosis, treatment selection and outcome in breast cancer",National Breast Cancer Foundation,2020-07-03T05:39:12
12607505,Cancer Council Victoria,,2020-07-03T05:39:12
12607505,Sydney Breast Cancer Foundation,,2020-07-03T05:39:12
21220757,"James S. McDonnell Foundation, grant 220020516",,2022-09-28T14:25:43
21187513,"James S. McDonnell Foundation, grant 220020516",,2022-09-23T13:34:54
21175060,Exploiting the resilience of masonry arch bridge infrastructure: a 3D multi-level modelling framework,Engineering and Physical Sciences Research Council,2022-09-21T20:41:55
20443896,National Environmental Research Council ACCE initiative,,2022-08-08T09:09:01
20101751,White Rose Doctoral Training Partnership in Mechanistic Biology and its Strategic Application,Biotechnology and Biological Sciences Research Council,2022-06-29T08:54:13
20101751,"Analysis of the L,D transpeptidation pathway in Clostridium difficile: contribution to peptidoglycan synthesis and antibiotic resistance",Medical Research Council,2022-06-29T08:54:13
17061509,Leverhulme ECF-2020-107,,2022-04-29T08:44:59
19213785,Adhesion to host cell membrane microdomains in cornea as an antimicrobial target to prevent corneal ulceration,Medical Research Council,2022-02-22T14:21:26
19102619,"This work was supported by the Mobilise-D project (IMI2 JU grant agreement No. 820820, this JU receives support from the European Union's Horizon 2020 and EFPIA). This study was also supported by the National Institute for Health Research (NIHR) through the Sheffield Biomedical Research Centre (BRC, grant number IS-BRC-1215-20017) and the UK Engineering and Physical Sciences Research Council (Multisim and MultiSim2 projects, grant numbers EP/K03877X/1 and EP/S032940/1, respectively).",,2022-02-07T22:05:39
12101403,Brains on Board: Neuromorphic Control of Flying Robots,Engineering and Physical Sciences Research Council,2021-08-08T22:58:53
13103327,Targeting Twist: Single-molecule insights into supercoiled DNA-topoisomerase interactions for drug discovery,Medical Research Council,2021-06-06T22:52:12
13103327,Timestamping Integrative Approach to Understand Secondary Envelopment of Human Cytomegalovirus,Wellcome Trust,2021-06-06T22:52:12
13103327,An integrative approach to deciphering the entry process in Herpesviruses,Medical Research Council,2021-06-06T22:52:12
13379036,MATTS: MAjor trauma Triage Tool Study,NIHR Evaluation Trials and Studies Coordinating Centre,2021-05-10T08:25:14
14535993,SEE MORE: SECONDARY ELECTRON EMISSION - MICROSCOPY FOR ORGANICS WITH RELIABLE ENGINEERING-PROPERTIES,Engineering and Physical Sciences Research Council,2021-05-05T08:30:34
14535993,EP/T517835/1,,2021-05-05T08:30:34
3693951,EPSRC project Bayesian Tracking and Reasoning over Time (BTaRoT) grant EP/K021516/1 (Internal code: R/138616-11-1),,2021-04-27T17:50:27
14408936,UK EPSRC [grant number EP/T013265/1]; USA National Science Foundation [grant number NSF ECCS 1903466]; UK Research and Innovation (UKRI) Trustworthy Autonomous Systems (TAS) programme [EPSRC Ref: EP/V026747/1].,,2021-04-13T18:08:11
14406311,Research England’s Connecting Capability Fund award CCF18-7157- Promoting the Internet of Things via Collaboration between HEIs and Industry (Pitch-In),,2021-04-13T13:22:57
14406227,NERC ACCE Doctoral training partnership,,2021-04-13T10:30:46
4535906,Bayesian Tracking and Reasoning over Time (BTaRoT) EP/K021516/1,,2021-04-12T15:09:54
4535825,Bayesian Tracking and Reasoning over Time (BTaRoT) EP/K021516/1,,2021-04-12T15:09:44
7398797,EPSRC EP/N022351/1,,2021-04-08T16:38:17
14160884,Modelling Mixing Mechanisms in 1D Water Network Models,Engineering and Physical Sciences Research Council,2021-03-11T14:55:46
12833891,Integrating Macroecology and Modelling to Elucidate Regulation of Services from Ecosystems (IMMERSE),Natural Environment Research Council,2020-08-20T12:26:17
12833891,"The scale of diversity: abundance, occupancy and aggregation in marine systems",Royal Society,2020-08-20T12:26:17
12833891,European  Marine Observation and Data Network- Biology Lot 3,Belgian Federal Science Policy Office,2020-08-20T12:26:17
12794528,"""Simulating Household Food Waste: A Research and Policy model"" funded by the Economic & Social Research Council Impact Accelerator and WRAP",,2020-08-13T13:38:04
12794528,Linking sustainable food with food waste in policy; a NERC innovation placement in WRAP.,Natural Environment Research Council,2020-08-13T13:38:04
12794528,N8 AgriFood Resilience Programme (HEFCE Catalyst-funded),,2020-08-13T13:38:04
9925010,Distributed Algorithms for Optimal Decision-Making,European Research Council,2020-06-09T12:54:44
12249686,NE/L003279/1,,2020-05-07T13:25:47
12249686,EMODnet Biology,,2020-05-07T13:25:47
11954418,EP/M506618/1,,2020-03-09T09:16:11
11798595,"This study was partially supported by the Engineering and Physical Sciences Research Council (MultiSim project, grant number: EP/K03877X/1; ED; https://www.epsrc.ac.uk/), and the National Centre for Replacement, Refinement and Reduction of Animals in Research (NC3Rs, Grant numbers: NC/R001073/1; ED; https://www.nc3rs.org.uk/).",,2020-02-04T12:07:52
11791449,EP/L024942/1,,2020-02-04T12:01:51
10069391,EP/M508135/1,,2019-10-31T15:50:27
9944591,Leverhulme Centre for Advanced Biological Modelling,,2019-10-19T11:37:35
7611377,EP/M506618/1,,2019-10-15T11:36:29
21407604,"Dutch Burn Foundation, project 17.105",,2022-10-28T13:06:36
21407454,"Dutch Burn Foundation, project 17.105",,2022-10-27T13:26:02
21407292,"Dutch Burn Foundation, project 17.105",,2022-10-27T10:55:15
21400281,"Dutch Burn Foundation, project 17.105",,2022-10-28T14:18:03
19824067,An advanced ice model for application in design of offshore wind turbines susceptible to ice-induced vibrations based on model-scale experiments (SHIVER) | TKITOE_WOZ_1906_TUD_SHIVER | TKI-Energie uit de Toeslag voor Topconsortia voor Kennis en Innovatie van het ministerie van Economische Zaken en Klimaat.,,2022-10-25T11:18:11
20495787,"Dutch Research Organization NWO domain Applied and Engineering Sciences, 15854",,2022-09-29T10:13:40
19307693,P18-32 Project 7,,2022-09-13T08:23:33
20469435,the National Key R&D Program of China (2021YFC3000603),,2022-08-12T08:49:38
20469435,"the European Research Council, grant SEISMIC (335915)",,2022-08-12T08:49:38
20469435,"Slip and Earthquake Nucleation in Experimental and Numerical Simulations: a Multi-scale, Integrated and Coupled Approach",European Research Council,2022-08-12T08:49:38
20469435,"the Netherlands Organisation for Scientific Research, VIDI grant (854.12.011)",,2022-08-12T08:49:38
19145426,Human Frontiers Science Program (RPG0011/2015),,2022-08-08T12:11:27
16887658,"The Netherlands Organisation for Scientific Research (NWO/OCW), Vidi grant and as part of the Frontiers of Nanoscience (NanoFront) program",,2022-07-05T14:07:06
16887658,The European Research Council (ERC) under the European Union's Horizon 2020 research and innovation programme (grant agreement No. 852410),,2022-07-05T14:07:06
16887658,Netherlands Enterprise Agency (project number PPS2007) and European Union's Horizon 2020 research and innovation program (grant agreement No. 820445),,2022-07-05T14:07:06
16887658,"Erwin-Schrödinger fellowship (QuantNet, No. J 4229-N27) of the Austrian National Science Foundation (FWF)",,2022-07-05T14:07:06
16887658,"The Netherlands Organization for Scientific Research (NWO/OCW), as part of the Quantum Software Consortium Program under Project 024.003.037/3368",,2022-07-05T14:07:06
16887658,"Joint research program ""Modular quantum computers"" by Fujitsu Limited and Delft University of Technology",,2022-07-05T14:07:06
19845262,vici 17062,,2022-07-05T07:54:58
20163926,Marie Skłodowska-Curie Actions (MSCA) Innovative Training Networks (ITN) H2020-MSCA-ITN-2016 GA 722068,,2022-06-29T10:40:07
20089760,This project has received funding from the European Union’s Horizon 2020 research and innovation program under the Marie Skłodowska-Curie grant agreement No. 766264,,2022-06-28T12:03:46
20101127,Medical Delta Dementia and Stroke 2.0,,2022-06-21T07:04:48
17075885,Dutch Research Council (NWO) as part of the Wearable Robotics program,,2022-06-08T14:04:24
17040497,Dutch Research Council (NWO) as part of the Wearable Robotics program,,2022-06-08T14:03:56
17082683,Dutch Research Council (NWO) as part of the Wearable Robotics program,,2022-06-08T14:03:31
19765480,"New, Advanced and Value-Added Innovative Ships",European Commission,2022-05-17T07:02:34
17121311,"This work is part of the research programme DuneForce with project number 17064, which is (partly) financed by the Dutch Research Council (NWO).",,2022-05-12T11:20:30
19664427,NWO prorgamme 'DeepNL' (project number DEEP.NL.2018.046),,2022-05-02T09:35:36
21114139,USGS 104B Grant,,2022-10-04T15:31:13
21096184,The Center for Produce Safety grant #2019CPS04,,2022-09-21T18:43:04
16550604,Versus Arthritis 21454,,2021-09-30T10:55:54
12666950,Communications Signal Processing Based Solutions for Massive Machine-to-Machine Networks (M3NETs),Engineering and Physical Sciences Research Council,2020-08-04T09:01:16
9874703,British Council UK-Gulf Institutional Link grant IL 279339985,,2019-09-19T11:08:14
9578345,International Paper Company,,2019-08-16T07:58:02
9578345,Gestetner Paper Mill,,2019-08-16T07:58:02
7718867,Industrial CASE Account - Loughborough University 2014,Engineering and Physical Sciences Research Council,2019-04-16T10:09:56
7987403,EPSRC: EP/J011525/1,,2019-04-15T10:50:01
7987403,EPSRC: EP/K014307/2,,2019-04-15T10:50:01
7987403,Towards More Autonomy for Unmanned Vehicles: Situational Awareness and Decision Making under Uncertainty,Engineering and Physical Sciences Research Council,2019-04-15T10:50:01
7987403,Signal Processing Solutions for the Networked Battlespace,Engineering and Physical Sciences Research Council,2019-04-15T10:50:01
5631925,Industrial CASE Account - Loughborough University 2012,Engineering and Physical Sciences Research Council,2017-11-27T16:22:08
5383771,FP7: Grant no. 248311-AMARSi,,2017-09-08T13:27:54
2005377,EPSRC Grant EP/F009232/1,,2015-11-10T15:46:22
2001888,EPSRC Grant No. EP/K011383/1,,2015-08-11T19:23:26
